{
    "slider": [
        {
            "id": "121",
            "name": "Shobhit",
            "cover":"age.jpg",
            "sesion": 1,
            "cat": "دراما",
            "type": "إثارة",
            "descp": " وخلال الأسابيع الماضية، صعّدت إسرائيل من حدة القصف الجوي والمدفعي على بلدات وقرىجنوبي لبنان، مما أسفر عن سقوط قتلى وجرحى في صفوف المدنيين، وأجبر مئات العائلات",
            "subtitle": "من الأحد إلى الخميس",
            "videoSrc": "https://player.vimeo.com/progressive_redirect/playback/848620381/rendition/720p/file.mp4?loc=external&signature=3fa0e36041a56339d3b6be5c37fab4387b8723b747aff104fac8fdd40a19f092"
        },
        {
            "id": "122",
            "name": "Freej",
            "cover":"king.png",
            "sesion": 6,
            "cat": "دراما",
            "type": "تشويق",
            "descp": "عندما يرزق الطبيب الشرعي حمدي والمقدمة التلفزيونية ياسمين بتوأم، يقرران الاستعانة بعاملة منزلية. ولكن، سرعان ما يتسبب هذا القرار بمشاكل هما بغنى عنها.",
            "subtitle": "شاهد الحلقة الأولى والثانية",
            "videoSrc": "https://download-video.akamaized.net/v3-1/playback/b54240dd-1fa6-4b59-ac25-e795145c617c/a639e2fb-faa9e61e?__token__=st=1710106009~exp=1710120409~acl=%2Fv3-1%2Fplayback%2Fb54240dd-1fa6-4b59-ac25-e795145c617c%2Fa639e2fb-faa9e61e%2A~hmac=46ba183abdafe31b544523af647ebbd20fd3ac1befcc68010b946c4595785700&r=dXMtY2VudHJhbDE%3D"
        }  ,
        {
            "id": "123",
            "name": "Freej",
            "cover":"",
            "sesion": 2,
            "cat": "دراما",
            "type": "كوميديا",
            "descp": "تشهد الحرب بين صابر والجن فصلا جديدا من الصراع حين يلبي هو وصديقه الجديد سميح نداء استغاثة لعائلة صعيدية.",
            "subtitle": "جميع الحلقات متوفرة"
        },{
            "id": "123",
            "name": "Freej",
            "cover":"",
            "sesion": 2,
            "cat": "دراما",
            "type": "كوميديا",
            "descp": "تشهد الحرب بين صابر والجن فصلا جديدا من الصراع حين يلبي هو وصديقه الجديد سميح نداء استغاثة لعائلة صعيدية.",
            "subtitle": "جميع الحلقات متوفرة"
        },{
            "id": "123",
            "name": "Freej",
            "cover":"",
            "sesion": 2,
            "cat": "دراما",
            "type": "كوميديا",
            "descp": "تشهد الحرب بين صابر والجن فصلا جديدا من الصراع حين يلبي هو وصديقه الجديد سميح نداء استغاثة لعائلة صعيدية.",
            "subtitle": "جميع الحلقات متوفرة"
        }
     
    ]
}